scenario,honest_f1,honest_fpr,byz_f1,byz_fpr
Baseline,0.9440769999999999,0.08714400000000001,,
Scaling,0.9744999999999999,0.04033749999999999,0.037845000000000004,0.9650099999999998
